-- Excel 원본(사람과초록_식물데이터_v1.xlsx)을 기존 MVP 스키마(plant, plant_environment, plant_environment_mapping)에 맞춘 적재 스크립트
SET NAMES utf8mb4;
START TRANSACTION;

DELETE FROM plant_environment_mapping;
DELETE FROM favorite_plant;
DELETE FROM plant;
DELETE FROM plant_environment;

INSERT INTO plant_environment (
    type_id, type_name, key_condition, sunlight, ventilation, temperature, humidity, description
) VALUES
    ('ENV-01', '햇빛이 풍부한 공간', '직사광선 4시간+', '매우 높음 (직사광)', '보통', '보통~높음', '보통', '발코니나 남향 창가처럼 햇빛이 풍부하고 통풍이 잘 되는 공간입니다. 큰 식물이 잘 자라는 적극적인 환경입니다.'),
    ('ENV-02', '햇빛이 부족한 공간', '직사광선 거의 없음', '매우 낮음', '보통', '보통', '보통', '방안쪽이나 북향처럼 햇빛이 잘 들지 않는 공간입니다. 일부 식물에게는 오히려 좋은 환경입니다.'),
    ('ENV-03', '반음지 공간', '간접광 3~4시간', '중간 (간접광)', '보통', '보통', '보통', '밝지만 직사광선이 직접 닿지 않는 공간입니다. 거실 안쪽이나 커튼 너머 빛이 들어오는 곳입니다.'),
    ('ENV-04', '온도가 높은 공간', '연중 25°C 이상', '보통~높음', '보통~낮음', '높음 (25°C+)', '보통~낮음', '온도가 높고 습도가 높은 공간입니다. 열대 식물에게 적합한 환경입니다.'),
    ('ENV-05', '온도가 낮은 공간', '겨울철 15°C 이하', '보통', '보통', '낮음 (15°C-)', '보통', '온도가 낮고 습도가 낮은 공간입니다. 일부 식물에게 손상이 올 수 있습니다.'),
    ('ENV-06', '건조한 공간', '습도 40% 이하', '보통', '높음', '보통', '낮음', '공기가 건조한 공간입니다. 건조에 잘 견디는 식물이 필요한 환경입니다.'),
    ('ENV-07', '습한 공간', '습도 60% 이상', '보통~낮음', '낮음', '보통', '높음', '습기가 많은 공간입니다. 욕실이나 주방 근처처럼 수증기가 많은 곳에 해당합니다.'),
    ('ENV-08', '통풍이 잘 되는 공간', '자연 환기 양호', '보통~높음', '매우 높음', '보통', '보통', '공기 순환이 좋은 개방된 공간입니다. 현관, 베란다 근처 등 바람이 잘 통하는 곳입니다.'),
    ('ENV-09', '밀폐된 공간', '환기 어려움', '낮음', '매우 낮음', '보통~높음', '보통~높음', '환기가 어렵고 공기 순환이 적은 공간입니다. 공기정화 효과가 좋은 식물이 추천됩니다.');

INSERT INTO plant (
    plant_id, plant_korean_name, plant_english_name, primary_type_id, manage_difficulty,
    water_period, appropriate_temperature, appropriate_humidity, sunlight_requirements, size,
    recommended_indoor_location, air_purification, pet_safety, description
) VALUES
    ('PLT-001', '스투키', 'Stucky', 'ENV-01', 'EASY', '2~3주 1회', '18~30°C', '40~60%', '높음 (직사광)', '중형', '남향 창가, 발코니', 'HIGH', '안전', '공기정화 효과가 뛰어나고 관리가 쉬운 다육식물입니다'),
    ('PLT-002', '고무나무', 'Rubber Plant', 'ENV-01', 'EASY', '1~2주 1회', '18~28°C', '40~70%', '높음 (직사광)', '대형', '거실 창가', 'HIGH', '주의', '큰 잎이 매력적이며 실내 공기정화에 효과적입니다'),
    ('PLT-003', '금전수', 'ZZ Plant', 'ENV-01', 'EASY', '2~3주 1회', '18~26°C', '40~60%', '높음~중간', '중형', '창가, 거실', 'NORMAL', '주의', '건조에 강하고 반짝이는 잎이 인테리어 효과가 좋습니다'),
    ('PLT-004', '파키라', 'Pachira', 'ENV-01', 'NORMAL', '1주 1회', '20~30°C', '50~70%', '높음 (밝은 빛)', '대형', '거실 창가', 'HIGH', '안전', '행운의 나무로 불리며 공기정화 효과가 뛰어납니다'),
    ('PLT-005', '선인장 (다양)', 'Cactus', 'ENV-01', 'VERY_EASY', '3~4주 1회', '15~35°C', '30~50%', '매우 높음', '소형~중형', '창턱, 선반', 'NORMAL', '주의 (가시)', '건조한 환경에도 잘 자라며 다양한 형태가 매력적입니다'),
    ('PLT-006', '스킨답서스', 'Pothos', 'ENV-02', 'VERY_EASY', '1~2주 1회', '15~25°C', '40~60%', '낮음 (음지 가능)', '소형~중형', '책상, 선반, 행잉', 'HIGH', '주의', '어두운 곳에서도 잘 자라는 대표적인 실내식물입니다'),
    ('PLT-007', '산세베리아', 'Snake Plant', 'ENV-02', 'EASY', '2~3주 1회', '15~30°C', '40~60%', '낮음~중간', '중형', '침실, 복도', 'VERY_HIGH', '주의', '밤에도 산소를 배출하여 침실에 추천합니다'),
    ('PLT-008', '아글라오네마', 'Aglaonema', 'ENV-02', 'EASY', '1~2주 1회', '18~25°C', '50~70%', '낮음 (간접광)', '중형', '실내 안쪽, 사무실', 'HIGH', '주의', '다양한 잎 색상이 매력적이며 음지에서도 잘 자랍니다'),
    ('PLT-009', '필로덴드론', 'Philodendron', 'ENV-02', 'EASY', '1~2주 1회', '18~28°C', '50~70%', '낮음~중간', '중형~대형', '거실, 서재', 'HIGH', '주의', '다양한 잎 모양과 크기로 인테리어 포인트가 됩니다'),
    ('PLT-010', '스파티필름', 'Peace Lily', 'ENV-03', 'NORMAL', '1주 1회', '18~25°C', '50~70%', '중간 (간접광)', '중형', '거실, 서재', 'VERY_HIGH', '주의', '공기정화 효과와 함께 흰 꽃이 피어 실내를 밝혀줍니다'),
    ('PLT-011', '몬스테라', 'Monstera', 'ENV-03', 'NORMAL', '1~2주 1회', '18~28°C', '50~70%', '중간 (밝은 간접광)', '대형', '거실', 'HIGH', '주의', '독특한 잎 모양으로 인테리어 식물의 대표주자입니다'),
    ('PLT-012', '칼라테아', 'Calathea', 'ENV-03', 'HARD', '1주 1회', '18~24°C', '60~80%', '중간 (간접광)', '중형', '거실, 침실', 'NORMAL', '안전', '다양한 무늬의 잎이 매력적이며 밤에 잎이 접히는 특성이 있습니다'),
    ('PLT-013', '보스턴 고사리', 'Boston Fern', 'ENV-03', 'NORMAL', '주 2~3회', '15~25°C', '60~80%', '중간 (간접광)', '중형', '행잉, 선반', 'HIGH', '안전', '풍성한 잎이 매력적이며 공기정화와 가습 효과가 있습니다'),
    ('PLT-014', '아레카야자', 'Areca Palm', 'ENV-04', 'NORMAL', '1주 1회', '20~30°C', '50~70%', '중간~높음', '대형', '거실, 로비', 'VERY_HIGH', '안전', '실내에서 열대 분위기를 연출하며 가습 효과가 뛰어납니다'),
    ('PLT-015', '알로카시아', 'Alocasia', 'ENV-04', 'HARD', '1주 1회', '20~30°C', '60~80%', '중간 (밝은 간접광)', '중형~대형', '거실', 'NORMAL', '주의', '독특하고 큰 잎이 열대 느낌을 줍니다'),
    ('PLT-016', '크로톤', 'Croton', 'ENV-04', 'NORMAL', '1주 1회', '20~30°C', '50~70%', '높음', '중형', '창가, 거실', 'NORMAL', '주의', '다양한 색상의 잎이 화려하여 포인트 식물로 좋습니다'),
    ('PLT-017', '아이비', 'Ivy', 'ENV-05', 'EASY', '1~2주 1회', '10~22°C', '40~60%', '중간', '소형~중형', '행잉, 선반, 창가', 'HIGH', '주의', '서늘한 환경을 좋아하며 덩굴성으로 행잉에 좋습니다'),
    ('PLT-018', '시클라멘', 'Cyclamen', 'ENV-05', 'NORMAL', '1주 1회 (저면관수)', '10~18°C', '50~60%', '중간 (간접광)', '소형', '창가, 현관', 'NORMAL', '주의', '서늘한 곳에서 꽃이 피며 겨울철 실내를 밝혀줍니다'),
    ('PLT-019', '동백', 'Camellia', 'ENV-05', 'HARD', '1주 1회', '5~15°C', '60~70%', '중간~높음', '중형~대형', '베란다, 현관', 'NORMAL', '안전', '겨울에 꽃이 피어 추운 환경에서 화사함을 줍니다'),
    ('PLT-020', '알로에', 'Aloe Vera', 'ENV-06', 'VERY_EASY', '3~4주 1회', '15~30°C', '30~50%', '높음', '소형~중형', '창가, 주방', 'NORMAL', '주의', '건조에 매우 강하며 피부 진정 등 활용도가 높습니다'),
    ('PLT-021', '에케베리아', 'Echeveria', 'ENV-06', 'EASY', '2~3주 1회', '10~28°C', '30~50%', '높음', '소형', '창턱, 데스크', 'NORMAL', '안전', '다양한 색상의 로제트 형태가 아름다운 다육식물입니다'),
    ('PLT-022', '유칼립투스', 'Eucalyptus', 'ENV-06', 'NORMAL', '1~2주 1회', '15~25°C', '30~50%', '높음', '중형', '거실, 선반', 'HIGH', '주의', '상쾌한 향이 나며 건조한 환경에서도 잘 자랍니다'),
    ('PLT-023', '틸란드시아', 'Tillandsia', 'ENV-07', 'EASY', '분무 주 2~3회', '15~30°C', '60~80%', '중간', '소형', '욕실, 주방', 'NORMAL', '안전', '흙 없이 공중에서 자라며 습한 환경에서 잘 자랍니다'),
    ('PLT-024', '네프롤레피스', 'Nephrolepis', 'ENV-07', 'NORMAL', '주 2~3회', '15~25°C', '60~80%', '낮음~중간', '중형', '욕실, 행잉', 'HIGH', '안전', '습한 환경을 좋아하는 고사리류로 욕실에 추천됩니다'),
    ('PLT-025', '싱고니움', 'Syngonium', 'ENV-07', 'EASY', '1주 1회', '18~28°C', '60~80%', '낮음~중간', '소형~중형', '욕실, 주방', 'HIGH', '주의', '화살표 모양의 잎이 매력적이며 습한 곳에서 잘 자랍니다'),
    ('PLT-026', '로즈마리', 'Rosemary', 'ENV-08', 'NORMAL', '1~2주 1회', '15~25°C', '40~60%', '높음', '소형', '베란다, 현관, 주방', 'NORMAL', '안전', '통풍이 좋은 곳에서 잘 자라며 향기와 요리 활용이 가능합니다'),
    ('PLT-027', '라벤더', 'Lavender', 'ENV-08', 'NORMAL', '2주 1회', '15~25°C', '30~50%', '높음', '소형~중형', '베란다, 현관', 'NORMAL', '안전', '좋은 향기와 보라색 꽃이 매력적이며 통풍이 중요합니다'),
    ('PLT-028', '제라늄', 'Geranium', 'ENV-08', 'EASY', '1~2주 1회', '15~25°C', '40~60%', '높음', '소형~중형', '베란다, 창가', 'NORMAL', '주의', '다양한 색상의 꽃이 피며 통풍이 좋은 곳에서 건강하게 자랍니다'),
    ('PLT-029', '스킨답서스', 'Pothos', 'ENV-09', 'VERY_EASY', '1~2주 1회', '15~25°C', '40~60%', '낮음', '소형~중형', '사무실, 침실', 'VERY_HIGH', '주의', '밀폐된 공간에서도 공기정화 효과가 뛰어납니다'),
    ('PLT-030', '산세베리아', 'Snake Plant', 'ENV-09', 'EASY', '2~3주 1회', '15~30°C', '40~60%', '낮음~중간', '중형', '사무실, 침실, 복도', 'VERY_HIGH', '주의', '밤에도 산소를 배출하여 밀폐된 공간에 최적입니다'),
    ('PLT-031', '드라세나', 'Dracaena', 'ENV-09', 'EASY', '1~2주 1회', '18~28°C', '40~60%', '낮음~중간', '중형~대형', '사무실, 로비', 'VERY_HIGH', '주의', 'NASA 공기정화 식물로 선정된 대표적인 실내식물입니다'),
    ('PLT-032', '관음죽', 'Lady Palm', 'ENV-09', 'EASY', '1~2주 1회', '15~28°C', '50~70%', '낮음~중간', '중형~대형', '사무실, 거실', 'VERY_HIGH', '안전', '공기정화와 가습 효과가 모두 뛰어난 식물입니다');

INSERT INTO plant_environment_mapping (plant_id, type_id, fit) VALUES
    ('PLT-001', 'ENV-01', 'OPTIMAL'),
    ('PLT-001', 'ENV-03', 'POSSIBLE'),
    ('PLT-001', 'ENV-06', 'POSSIBLE'),
    ('PLT-002', 'ENV-01', 'OPTIMAL'),
    ('PLT-002', 'ENV-03', 'POSSIBLE'),
    ('PLT-002', 'ENV-08', 'POSSIBLE'),
    ('PLT-003', 'ENV-01', 'OPTIMAL'),
    ('PLT-003', 'ENV-02', 'POSSIBLE'),
    ('PLT-003', 'ENV-03', 'POSSIBLE'),
    ('PLT-003', 'ENV-06', 'POSSIBLE'),
    ('PLT-003', 'ENV-09', 'POSSIBLE'),
    ('PLT-004', 'ENV-01', 'OPTIMAL'),
    ('PLT-004', 'ENV-03', 'POSSIBLE'),
    ('PLT-004', 'ENV-04', 'OPTIMAL'),
    ('PLT-005', 'ENV-01', 'OPTIMAL'),
    ('PLT-005', 'ENV-06', 'OPTIMAL'),
    ('PLT-006', 'ENV-02', 'OPTIMAL'),
    ('PLT-006', 'ENV-03', 'POSSIBLE'),
    ('PLT-006', 'ENV-09', 'OPTIMAL'),
    ('PLT-007', 'ENV-02', 'OPTIMAL'),
    ('PLT-007', 'ENV-03', 'POSSIBLE'),
    ('PLT-007', 'ENV-05', 'POSSIBLE'),
    ('PLT-007', 'ENV-06', 'POSSIBLE'),
    ('PLT-007', 'ENV-09', 'OPTIMAL'),
    ('PLT-008', 'ENV-02', 'OPTIMAL'),
    ('PLT-008', 'ENV-03', 'POSSIBLE'),
    ('PLT-008', 'ENV-09', 'POSSIBLE'),
    ('PLT-009', 'ENV-02', 'OPTIMAL'),
    ('PLT-009', 'ENV-03', 'OPTIMAL'),
    ('PLT-009', 'ENV-09', 'POSSIBLE'),
    ('PLT-010', 'ENV-03', 'OPTIMAL'),
    ('PLT-010', 'ENV-07', 'POSSIBLE'),
    ('PLT-011', 'ENV-01', 'POSSIBLE'),
    ('PLT-011', 'ENV-03', 'OPTIMAL'),
    ('PLT-012', 'ENV-03', 'OPTIMAL'),
    ('PLT-012', 'ENV-07', 'OPTIMAL'),
    ('PLT-013', 'ENV-03', 'OPTIMAL'),
    ('PLT-013', 'ENV-07', 'OPTIMAL'),
    ('PLT-014', 'ENV-01', 'POSSIBLE'),
    ('PLT-014', 'ENV-04', 'OPTIMAL'),
    ('PLT-015', 'ENV-03', 'POSSIBLE'),
    ('PLT-015', 'ENV-04', 'OPTIMAL'),
    ('PLT-015', 'ENV-07', 'OPTIMAL'),
    ('PLT-016', 'ENV-01', 'OPTIMAL'),
    ('PLT-016', 'ENV-04', 'OPTIMAL'),
    ('PLT-017', 'ENV-03', 'POSSIBLE'),
    ('PLT-017', 'ENV-05', 'OPTIMAL'),
    ('PLT-017', 'ENV-08', 'OPTIMAL'),
    ('PLT-018', 'ENV-03', 'POSSIBLE'),
    ('PLT-018', 'ENV-05', 'OPTIMAL'),
    ('PLT-019', 'ENV-05', 'OPTIMAL'),
    ('PLT-019', 'ENV-08', 'POSSIBLE'),
    ('PLT-020', 'ENV-01', 'OPTIMAL'),
    ('PLT-020', 'ENV-06', 'OPTIMAL'),
    ('PLT-021', 'ENV-01', 'OPTIMAL'),
    ('PLT-021', 'ENV-06', 'OPTIMAL'),
    ('PLT-022', 'ENV-06', 'OPTIMAL'),
    ('PLT-022', 'ENV-08', 'OPTIMAL'),
    ('PLT-023', 'ENV-07', 'OPTIMAL'),
    ('PLT-024', 'ENV-07', 'OPTIMAL'),
    ('PLT-025', 'ENV-03', 'POSSIBLE'),
    ('PLT-025', 'ENV-07', 'OPTIMAL'),
    ('PLT-026', 'ENV-08', 'OPTIMAL'),
    ('PLT-027', 'ENV-06', 'POSSIBLE'),
    ('PLT-027', 'ENV-08', 'OPTIMAL'),
    ('PLT-028', 'ENV-08', 'OPTIMAL'),
    ('PLT-029', 'ENV-02', 'OPTIMAL'),
    ('PLT-029', 'ENV-03', 'POSSIBLE'),
    ('PLT-029', 'ENV-09', 'OPTIMAL'),
    ('PLT-030', 'ENV-02', 'OPTIMAL'),
    ('PLT-030', 'ENV-06', 'POSSIBLE'),
    ('PLT-030', 'ENV-09', 'OPTIMAL'),
    ('PLT-031', 'ENV-03', 'POSSIBLE'),
    ('PLT-031', 'ENV-09', 'OPTIMAL'),
    ('PLT-032', 'ENV-03', 'POSSIBLE'),
    ('PLT-032', 'ENV-07', 'POSSIBLE'),
    ('PLT-032', 'ENV-09', 'OPTIMAL');

COMMIT;
