-- Generated from src/main/resources/recommendation/plant-catalog.json
DELETE FROM recommendation_plant_placement;
DELETE FROM recommendation_plant_env_fit;
DELETE FROM recommendation_plant_condition;
DELETE FROM recommendation_plant;

INSERT INTO recommendation_plant (
    plant_id, name_ko, name_en, difficulty, pet_safety, air_purification_level, size_category,
    display_water_cycle, display_temp_range, display_humidity_range, display_light_requirement,
    one_line_description, recommended_location_text
) VALUES
    ('PLT-001', '스투키', 'Stucky', 'EASY', 'SAFE', 'HIGH', 'MEDIUM', '2~3주 1회', '18~30°C', '40~60%', 'HIGH', '공기정화 효과가 뛰어나고 관리가 쉬운 다육식물', '남향 창가, 발코니'),
    ('PLT-002', '고무나무', 'Rubber Plant', 'EASY', 'CAUTION', 'HIGH', 'LARGE', '1~2주 1회', '18~28°C', '40~70%', 'HIGH', '큰 잎이 매력적이며 실내 공기정화에 효과적', '거실 창가'),
    ('PLT-003', '금전수', 'ZZ Plant', 'EASY', 'CAUTION', 'MEDIUM', 'MEDIUM', '2~3주 1회', '18~26°C', '40~60%', 'MEDIUM', '건조에 강하고 반짝이는 잎이 인테리어 효과가 좋음', '창가, 거실'),
    ('PLT-004', '파키라', 'Pachira', 'NORMAL', 'SAFE', 'HIGH', 'LARGE', '7일', '20~30°C', '50~70%', 'HIGH', '행운의 나무로 불리며 공기정화 효과가 뛰어남', '거실 창가'),
    ('PLT-005', '선인장', 'Cactus', 'VERY_EASY', 'CAUTION', 'MEDIUM', 'SMALL', '3~4주 1회', '15~35°C', '30~50%', 'HIGH', '건조한 환경에도 잘 자라며 다양한 형태가 매력적', '창턱, 선반'),
    ('PLT-006', '스킨답서스', 'Pothos', 'VERY_EASY', 'CAUTION', 'VERY_HIGH', 'MEDIUM', '1~2주 1회', '15~25°C', '40~60%', 'LOW', '어두운 곳과 밀폐된 공간에서도 비교적 잘 적응하는 실내식물', '책상, 선반, 사무실, 침실'),
    ('PLT-007', '산세베리아', 'Snake Plant', 'EASY', 'CAUTION', 'VERY_HIGH', 'MEDIUM', '2~3주 1회', '15~30°C', '40~60%', 'LOW', '밤에도 산소를 배출하여 침실과 밀폐 공간에 추천', '침실, 복도, 사무실'),
    ('PLT-008', '아글라오네마', 'Aglaonema', 'EASY', 'CAUTION', 'HIGH', 'MEDIUM', '1~2주 1회', '18~25°C', '50~70%', 'LOW', '다양한 잎 색상이 매력적이며 음지에서도 잘 자람', '실내 안쪽, 사무실'),
    ('PLT-009', '필로덴드론', 'Philodendron', 'EASY', 'CAUTION', 'HIGH', 'LARGE', '1~2주 1회', '18~28°C', '50~70%', 'LOW', '다양한 잎 모양과 크기로 인테리어 포인트가 됨', '거실, 서재'),
    ('PLT-010', '스파티필름', 'Peace Lily', 'NORMAL', 'CAUTION', 'VERY_HIGH', 'MEDIUM', '7일', '18~25°C', '50~70%', 'MEDIUM', '공기정화 효과와 함께 흰 꽃이 피어 실내를 밝혀줌', '거실, 서재'),
    ('PLT-011', '몬스테라', 'Monstera', 'NORMAL', 'CAUTION', 'HIGH', 'LARGE', '1~2주 1회', '18~28°C', '50~70%', 'MEDIUM', '독특한 잎 모양으로 인테리어 식물의 대표주자', '거실'),
    ('PLT-012', '칼라테아', 'Calathea', 'HARD', 'SAFE', 'MEDIUM', 'MEDIUM', '7일', '18~24°C', '60~80%', 'MEDIUM', '다양한 무늬의 잎이 매력적이며 밤에 잎이 접히는 특성이 있음', '거실, 침실'),
    ('PLT-013', '보스턴 고사리', 'Boston Fern', 'NORMAL', 'SAFE', 'HIGH', 'MEDIUM', '주 2~3회', '15~25°C', '60~80%', 'MEDIUM', '풍성한 잎이 매력적이며 공기정화와 가습 효과가 있음', '행잉, 선반'),
    ('PLT-014', '아레카야자', 'Areca Palm', 'NORMAL', 'SAFE', 'VERY_HIGH', 'LARGE', '7일', '20~30°C', '50~70%', 'MEDIUM', '실내에서 열대 분위기를 연출하며 가습 효과가 뛰어남', '거실, 로비'),
    ('PLT-015', '알로카시아', 'Alocasia', 'HARD', 'CAUTION', 'MEDIUM', 'LARGE', '7일', '20~30°C', '60~80%', 'MEDIUM', '독특하고 큰 잎이 열대 느낌을 줌', '거실'),
    ('PLT-016', '크로톤', 'Croton', 'NORMAL', 'CAUTION', 'MEDIUM', 'MEDIUM', '7일', '20~30°C', '50~70%', 'HIGH', '다양한 색상의 잎이 화려하여 포인트 식물로 좋음', '창가, 거실'),
    ('PLT-017', '아이비', 'Ivy', 'EASY', 'CAUTION', 'HIGH', 'MEDIUM', '1~2주 1회', '10~22°C', '40~60%', 'MEDIUM', '서늘한 환경을 좋아하며 덩굴성으로 행잉에 좋음', '행잉, 선반, 창가'),
    ('PLT-018', '시클라멘', 'Cyclamen', 'NORMAL', 'CAUTION', 'MEDIUM', 'SMALL', '7일', '10~18°C', '50~60%', 'MEDIUM', '서늘한 곳에서 꽃이 피며 겨울철 실내를 밝혀줌', '창가, 현관'),
    ('PLT-019', '동백', 'Camellia', 'HARD', 'SAFE', 'MEDIUM', 'LARGE', '7일', '5~15°C', '60~70%', 'MEDIUM', '겨울에 꽃이 피어 추운 환경에서 화사함을 줌', '베란다, 현관'),
    ('PLT-020', '알로에', 'Aloe Vera', 'VERY_EASY', 'CAUTION', 'MEDIUM', 'SMALL', '3~4주 1회', '15~30°C', '30~50%', 'HIGH', '건조에 매우 강하며 활용도가 높음', '창가, 주방'),
    ('PLT-021', '에케베리아', 'Echeveria', 'EASY', 'SAFE', 'MEDIUM', 'SMALL', '2~3주 1회', '10~28°C', '30~50%', 'HIGH', '다양한 색상의 로제트 형태가 아름다운 다육식물', '창턱, 데스크'),
    ('PLT-022', '유칼립투스', 'Eucalyptus', 'NORMAL', 'CAUTION', 'HIGH', 'MEDIUM', '1~2주 1회', '15~25°C', '30~50%', 'HIGH', '상쾌한 향이 나며 건조한 환경에서도 잘 자람', '거실, 선반'),
    ('PLT-023', '틸란드시아', 'Tillandsia', 'EASY', 'SAFE', 'MEDIUM', 'SMALL', '분무 주 2~3회', '15~30°C', '60~80%', 'MEDIUM', '흙 없이 공중에서 자라며 습한 환경에서 잘 자람', '욕실, 주방'),
    ('PLT-024', '네프롤레피스', 'Nephrolepis', 'NORMAL', 'SAFE', 'HIGH', 'MEDIUM', '주 2~3회', '15~25°C', '60~80%', 'LOW', '습한 환경을 좋아하는 고사리류로 욕실에 추천', '욕실, 행잉'),
    ('PLT-025', '싱고니움', 'Syngonium', 'EASY', 'CAUTION', 'HIGH', 'MEDIUM', '7일', '18~28°C', '60~80%', 'LOW', '화살표 모양의 잎이 매력적이며 습한 곳에서 잘 자람', '욕실, 주방'),
    ('PLT-026', '로즈마리', 'Rosemary', 'NORMAL', 'SAFE', 'MEDIUM', 'SMALL', '1~2주 1회', '15~25°C', '40~60%', 'HIGH', '통풍이 좋은 곳에서 잘 자라며 향기와 요리 활용이 가능', '베란다, 현관, 주방'),
    ('PLT-027', '라벤더', 'Lavender', 'NORMAL', 'SAFE', 'MEDIUM', 'MEDIUM', '14일', '15~25°C', '30~50%', 'HIGH', '좋은 향기와 꽃이 매력적이며 통풍이 중요', '베란다, 현관'),
    ('PLT-028', '제라늄', 'Geranium', 'EASY', 'CAUTION', 'MEDIUM', 'MEDIUM', '1~2주 1회', '15~25°C', '40~60%', 'HIGH', '다양한 색상의 꽃이 피며 통풍이 좋은 곳에서 건강하게 자람', '베란다, 창가'),
    ('PLT-029', '드라세나', 'Dracaena', 'EASY', 'CAUTION', 'VERY_HIGH', 'LARGE', '1~2주 1회', '18~28°C', '40~60%', 'LOW', '대표적인 실내 공기정화 식물', '사무실, 로비'),
    ('PLT-030', '관음죽', 'Lady Palm', 'EASY', 'SAFE', 'VERY_HIGH', 'LARGE', '1~2주 1회', '15~28°C', '50~70%', 'LOW', '공기정화와 가습 효과가 모두 뛰어남', '사무실, 거실');

INSERT INTO recommendation_plant_condition (
    plant_id, sunlight_level, ventilation_need, temp_min, temp_max, humidity_min, humidity_max,
    water_cycle_min_days, water_cycle_max_days
) VALUES
    ('PLT-001', 'HIGH', 'NORMAL', 18, 30, 40, 60, 14, 21),
    ('PLT-002', 'HIGH', 'NORMAL', 18, 28, 40, 70, 7, 14),
    ('PLT-003', 'MEDIUM', 'NORMAL', 18, 26, 40, 60, 14, 21),
    ('PLT-004', 'HIGH', 'NORMAL', 20, 30, 50, 70, 7, 7),
    ('PLT-005', 'HIGH', 'NORMAL', 15, 35, 30, 50, 21, 28),
    ('PLT-006', 'LOW', 'LOW', 15, 25, 40, 60, 7, 14),
    ('PLT-007', 'LOW', 'LOW', 15, 30, 40, 60, 14, 21),
    ('PLT-008', 'LOW', 'NORMAL', 18, 25, 50, 70, 7, 14),
    ('PLT-009', 'LOW', 'NORMAL', 18, 28, 50, 70, 7, 14),
    ('PLT-010', 'MEDIUM', 'NORMAL', 18, 25, 50, 70, 7, 7),
    ('PLT-011', 'MEDIUM', 'NORMAL', 18, 28, 50, 70, 7, 14),
    ('PLT-012', 'MEDIUM', 'NORMAL', 18, 24, 60, 80, 7, 7),
    ('PLT-013', 'MEDIUM', 'NORMAL', 15, 25, 60, 80, 2, 3),
    ('PLT-014', 'MEDIUM', 'NORMAL', 20, 30, 50, 70, 7, 7),
    ('PLT-015', 'MEDIUM', 'NORMAL', 20, 30, 60, 80, 7, 7),
    ('PLT-016', 'HIGH', 'NORMAL', 20, 30, 50, 70, 7, 7),
    ('PLT-017', 'MEDIUM', 'NORMAL', 10, 22, 40, 60, 7, 14),
    ('PLT-018', 'MEDIUM', 'NORMAL', 10, 18, 50, 60, 7, 7),
    ('PLT-019', 'MEDIUM', 'NORMAL', 5, 15, 60, 70, 7, 7),
    ('PLT-020', 'HIGH', 'NORMAL', 15, 30, 30, 50, 21, 28),
    ('PLT-021', 'HIGH', 'NORMAL', 10, 28, 30, 50, 14, 21),
    ('PLT-022', 'HIGH', 'NORMAL', 15, 25, 30, 50, 7, 14),
    ('PLT-023', 'MEDIUM', 'NORMAL', 15, 30, 60, 80, 2, 3),
    ('PLT-024', 'LOW', 'NORMAL', 15, 25, 60, 80, 2, 3),
    ('PLT-025', 'LOW', 'NORMAL', 18, 28, 60, 80, 7, 7),
    ('PLT-026', 'HIGH', 'HIGH', 15, 25, 40, 60, 7, 14),
    ('PLT-027', 'HIGH', 'HIGH', 15, 25, 30, 50, 14, 14),
    ('PLT-028', 'HIGH', 'HIGH', 15, 25, 40, 60, 7, 14),
    ('PLT-029', 'LOW', 'NORMAL', 18, 28, 40, 60, 7, 14),
    ('PLT-030', 'LOW', 'NORMAL', 15, 28, 50, 70, 7, 14);

INSERT INTO recommendation_plant_env_fit (plant_id, environment_type, fit_level) VALUES
    ('PLT-001', 'ENV_01_SUNNY', 'OPTIMAL'),
    ('PLT-001', 'ENV_06_DRY', 'POSSIBLE'),
    ('PLT-002', 'ENV_01_SUNNY', 'OPTIMAL'),
    ('PLT-002', 'ENV_03_BRIGHT_INDIRECT', 'POSSIBLE'),
    ('PLT-002', 'ENV_09_CLOSED', 'POSSIBLE'),
    ('PLT-003', 'ENV_01_SUNNY', 'OPTIMAL'),
    ('PLT-003', 'ENV_02_DARK', 'POSSIBLE'),
    ('PLT-003', 'ENV_03_BRIGHT_INDIRECT', 'POSSIBLE'),
    ('PLT-003', 'ENV_06_DRY', 'POSSIBLE'),
    ('PLT-003', 'ENV_09_CLOSED', 'POSSIBLE'),
    ('PLT-004', 'ENV_01_SUNNY', 'OPTIMAL'),
    ('PLT-004', 'ENV_03_BRIGHT_INDIRECT', 'POSSIBLE'),
    ('PLT-004', 'ENV_04_HOT', 'OPTIMAL'),
    ('PLT-005', 'ENV_01_SUNNY', 'OPTIMAL'),
    ('PLT-005', 'ENV_06_DRY', 'OPTIMAL'),
    ('PLT-006', 'ENV_02_DARK', 'OPTIMAL'),
    ('PLT-006', 'ENV_03_BRIGHT_INDIRECT', 'POSSIBLE'),
    ('PLT-006', 'ENV_09_CLOSED', 'OPTIMAL'),
    ('PLT-007', 'ENV_02_DARK', 'OPTIMAL'),
    ('PLT-007', 'ENV_03_BRIGHT_INDIRECT', 'POSSIBLE'),
    ('PLT-007', 'ENV_05_COLD', 'POSSIBLE'),
    ('PLT-007', 'ENV_06_DRY', 'POSSIBLE'),
    ('PLT-007', 'ENV_09_CLOSED', 'OPTIMAL'),
    ('PLT-008', 'ENV_02_DARK', 'OPTIMAL'),
    ('PLT-008', 'ENV_03_BRIGHT_INDIRECT', 'POSSIBLE'),
    ('PLT-008', 'ENV_09_CLOSED', 'POSSIBLE'),
    ('PLT-009', 'ENV_02_DARK', 'OPTIMAL'),
    ('PLT-009', 'ENV_03_BRIGHT_INDIRECT', 'OPTIMAL'),
    ('PLT-009', 'ENV_09_CLOSED', 'POSSIBLE'),
    ('PLT-010', 'ENV_03_BRIGHT_INDIRECT', 'OPTIMAL'),
    ('PLT-010', 'ENV_07_HUMID', 'POSSIBLE'),
    ('PLT-011', 'ENV_01_SUNNY', 'POSSIBLE'),
    ('PLT-011', 'ENV_03_BRIGHT_INDIRECT', 'OPTIMAL'),
    ('PLT-012', 'ENV_03_BRIGHT_INDIRECT', 'OPTIMAL'),
    ('PLT-012', 'ENV_07_HUMID', 'OPTIMAL'),
    ('PLT-013', 'ENV_03_BRIGHT_INDIRECT', 'OPTIMAL'),
    ('PLT-013', 'ENV_07_HUMID', 'OPTIMAL'),
    ('PLT-014', 'ENV_01_SUNNY', 'POSSIBLE'),
    ('PLT-014', 'ENV_04_HOT', 'OPTIMAL'),
    ('PLT-015', 'ENV_03_BRIGHT_INDIRECT', 'POSSIBLE'),
    ('PLT-015', 'ENV_04_HOT', 'OPTIMAL'),
    ('PLT-015', 'ENV_07_HUMID', 'OPTIMAL'),
    ('PLT-016', 'ENV_01_SUNNY', 'OPTIMAL'),
    ('PLT-016', 'ENV_04_HOT', 'OPTIMAL'),
    ('PLT-017', 'ENV_03_BRIGHT_INDIRECT', 'POSSIBLE'),
    ('PLT-017', 'ENV_05_COLD', 'OPTIMAL'),
    ('PLT-017', 'ENV_08_WELL_VENTILATED', 'POSSIBLE'),
    ('PLT-018', 'ENV_03_BRIGHT_INDIRECT', 'POSSIBLE'),
    ('PLT-018', 'ENV_05_COLD', 'OPTIMAL'),
    ('PLT-019', 'ENV_05_COLD', 'OPTIMAL'),
    ('PLT-019', 'ENV_08_WELL_VENTILATED', 'POSSIBLE'),
    ('PLT-020', 'ENV_01_SUNNY', 'OPTIMAL'),
    ('PLT-020', 'ENV_06_DRY', 'OPTIMAL'),
    ('PLT-021', 'ENV_01_SUNNY', 'OPTIMAL'),
    ('PLT-021', 'ENV_06_DRY', 'OPTIMAL'),
    ('PLT-022', 'ENV_06_DRY', 'OPTIMAL'),
    ('PLT-022', 'ENV_08_WELL_VENTILATED', 'POSSIBLE'),
    ('PLT-023', 'ENV_07_HUMID', 'OPTIMAL'),
    ('PLT-024', 'ENV_07_HUMID', 'OPTIMAL'),
    ('PLT-025', 'ENV_03_BRIGHT_INDIRECT', 'POSSIBLE'),
    ('PLT-025', 'ENV_07_HUMID', 'OPTIMAL'),
    ('PLT-026', 'ENV_08_WELL_VENTILATED', 'OPTIMAL'),
    ('PLT-027', 'ENV_05_COLD', 'POSSIBLE'),
    ('PLT-027', 'ENV_08_WELL_VENTILATED', 'OPTIMAL'),
    ('PLT-028', 'ENV_08_WELL_VENTILATED', 'OPTIMAL'),
    ('PLT-029', 'ENV_03_BRIGHT_INDIRECT', 'POSSIBLE'),
    ('PLT-029', 'ENV_09_CLOSED', 'OPTIMAL'),
    ('PLT-030', 'ENV_03_BRIGHT_INDIRECT', 'POSSIBLE'),
    ('PLT-030', 'ENV_07_HUMID', 'POSSIBLE'),
    ('PLT-030', 'ENV_09_CLOSED', 'OPTIMAL');

INSERT INTO recommendation_plant_placement (plant_id, placement_type) VALUES
    ('PLT-001', 'WINDOW'),
    ('PLT-001', 'BALCONY'),
    ('PLT-002', 'WINDOW'),
    ('PLT-002', 'LIVING_ROOM'),
    ('PLT-003', 'WINDOW'),
    ('PLT-003', 'LIVING_ROOM'),
    ('PLT-004', 'WINDOW'),
    ('PLT-004', 'LIVING_ROOM'),
    ('PLT-005', 'WINDOW'),
    ('PLT-005', 'DESK'),
    ('PLT-006', 'DESK'),
    ('PLT-006', 'BEDROOM'),
    ('PLT-006', 'OFFICE'),
    ('PLT-007', 'BEDROOM'),
    ('PLT-007', 'OFFICE'),
    ('PLT-007', 'LIVING_ROOM'),
    ('PLT-008', 'OFFICE'),
    ('PLT-008', 'LIVING_ROOM'),
    ('PLT-009', 'LIVING_ROOM'),
    ('PLT-009', 'OFFICE'),
    ('PLT-010', 'LIVING_ROOM'),
    ('PLT-010', 'OFFICE'),
    ('PLT-011', 'LIVING_ROOM'),
    ('PLT-012', 'LIVING_ROOM'),
    ('PLT-012', 'BEDROOM'),
    ('PLT-013', 'BATHROOM'),
    ('PLT-013', 'LIVING_ROOM'),
    ('PLT-014', 'LIVING_ROOM'),
    ('PLT-014', 'OFFICE'),
    ('PLT-015', 'LIVING_ROOM'),
    ('PLT-016', 'WINDOW'),
    ('PLT-016', 'LIVING_ROOM'),
    ('PLT-017', 'WINDOW'),
    ('PLT-017', 'BALCONY'),
    ('PLT-017', 'LIVING_ROOM'),
    ('PLT-018', 'WINDOW'),
    ('PLT-018', 'OFFICE'),
    ('PLT-019', 'BALCONY'),
    ('PLT-019', 'WINDOW'),
    ('PLT-020', 'WINDOW'),
    ('PLT-020', 'KITCHEN'),
    ('PLT-021', 'WINDOW'),
    ('PLT-021', 'DESK'),
    ('PLT-022', 'LIVING_ROOM'),
    ('PLT-022', 'DESK'),
    ('PLT-023', 'BATHROOM'),
    ('PLT-023', 'KITCHEN'),
    ('PLT-024', 'BATHROOM'),
    ('PLT-024', 'LIVING_ROOM'),
    ('PLT-025', 'BATHROOM'),
    ('PLT-025', 'KITCHEN'),
    ('PLT-026', 'BALCONY'),
    ('PLT-026', 'KITCHEN'),
    ('PLT-026', 'WINDOW'),
    ('PLT-027', 'BALCONY'),
    ('PLT-027', 'WINDOW'),
    ('PLT-028', 'BALCONY'),
    ('PLT-028', 'WINDOW'),
    ('PLT-029', 'OFFICE'),
    ('PLT-029', 'LIVING_ROOM'),
    ('PLT-030', 'OFFICE'),
    ('PLT-030', 'LIVING_ROOM');
